x_m,y_m,curvature_1_per_m,radius_m,heading_rad
5.000000000000000000e+00,2.600000000000000089e+00,3.661812571679372210e-03,2.730887997201293729e+02,0.000000000000000000e+00
5.178090663054388365e+00,2.600059164845070825e+00,3.873965898296481084e-03,2.581334028881707923e+02,6.707308959518867072e-04
5.351500448645828634e+00,2.600234833953884994e+00,4.100948667122701792e-03,2.438460173903170869e+02,1.361884844404788551e-03
5.520299037995435754e+00,2.600524269186844872e+00,4.343956109403215166e-03,2.302049041967375729e+02,2.074302971555577833e-03
5.684556112324328225e+00,2.600924732404351847e+00,4.604290402113114973e-03,2.171887332608419285e+02,2.808867236267544639e-03
5.844341352853620997e+00,2.601433485466808637e+00,4.883370874564310453e-03,2.047765827511962300e+02,3.566502455003891375e-03
5.999724440804431680e+00,2.602047790234617519e+00,5.182745195544496281e-03,1.929479382586047791e+02,4.348178394183868992e-03
6.150775057397877887e+00,2.602764908568180324e+00,5.504101624168869326e-03,1.816826919780940841e+02,5.154911923662911649e-03
6.297562883855073679e+00,2.603582102327899328e+00,5.849282410536100693e-03,1.709611418656647857e+02,5.987769222656850847e-03
6.440157601397137554e+00,2.604496633374177250e+00,6.220298433818174932e-03,1.607639907698407455e+02,6.847868026527948251e-03
6.578628891245186239e+00,2.605505763567415034e+00,6.619345164974826771e-03,1.510723455382467648e+02,7.736379899325747378e-03
6.713046434620336456e+00,2.606606754768015843e+00,7.048820038078430078e-03,1.418677160997017950e+02,8.654532512708664957e-03
6.843479912743704041e+00,2.607796868836381954e+00,7.511341307240906699e-03,1.331320145226264060e+02,9.603611906721098990e-03
6.969999006836406608e+00,2.609073367632914753e+00,8.009768454029082135e-03,1.248475540509512456e+02,1.058496470169792252e-02
7.092673398119559991e+00,2.610433513018016960e+00,8.547224191342316091e-03,1.169970481191921294e+02,1.160000022311621047e-02
7.211572767814280915e+00,2.611874566852090407e+00,9.127118081836053595e-03,1.095636093489474518e+02,1.265019249228041369e-02
7.326766797141686993e+00,2.613393790995537813e+00,9.753171749344591301e-03,1.025307485298000216e+02,1.373708202503916807e-02
7.438325167322893172e+00,2.614988447308760566e+00,1.042944560688144340e-02,9.588237358850511782e+01,1.486227736797035397e-02
7.546317559579017953e+00,2.616655797652161830e+00,1.116036695025129054e-02,8.960278855145382693e+01,1.602745628626311980e-02
7.650813655131177171e+00,2.618393103886142548e+00,1.195075916652748454e-02,8.367669250677140269e+01,1.723436649943866847e-02
7.751883135200488439e+00,2.620197627871105883e+00,1.280587167466415606e-02,7.808917857411105956e+01,1.848482583958449554e-02
7.849595681008066705e+00,2.622066631467453668e+00,1.373141004263841482e-02,7.282573289231231684e+01,1.978072168135375231e-02
7.944020973775029582e+00,2.623997376535588177e+00,1.473356550099225344e-02,6.787223363772018558e+01,2.112400946294408499e-02
8.035228694722494680e+00,2.625987124935911243e+00,1.581904278320551971e-02,6.321495008924700443e+01,2.251671008187283718e-02
8.123288525071576061e+00,2.628033138528825141e+00,1.699508485276219130e-02,5.884054176037086137e+01,2.396090590777343043e-02
8.208270146043393112e+00,2.630132679174732147e+00,1.826949260539403180e-02,5.473605762344773495e+01,2.545873510572550097e-02
8.290243238859060781e+00,2.632283008734034979e+00,1.965063703916941976e-02,5.088893545826071119e+01,2.701238390679683993e-02
8.369277484739697570e+00,2.634481389067134582e+00,2.114746063680774529e-02,4.728700136504673424e+01,2.862407639645335455e-02
8.445442564906418426e+00,2.636725082034434120e+00,2.276946377110454847e-02,4.391846949285841362e+01,3.029606131519264889e-02
8.518808160580340072e+00,2.639011349496335423e+00,2.452667078818364724e-02,4.077194204774728803e+01,3.203059527811622648e-02
8.589443952982581010e+00,2.641337453313240768e+00,2.642956900272692283e-02,3.783640966285992135e+01,3.382992172022465660e-02
8.657419623334254410e+00,2.643700655345551986e+00,2.848901210968391579e-02,3.510125223542175377e+01,3.569624476129348162e-02
8.722804852856480551e+00,2.646098217453671797e+00,3.071607743314038949e-02,3.255624036554463885e+01,3.763169705797808628e-02
8.785669322770374379e+00,2.648527401498002032e+00,3.312186395402645644e-02,3.019153757131579141e+01,3.963830057169710069e-02
8.846082714297054395e+00,2.650985469338944522e+00,3.571721515456619672e-02,2.799770350718837975e+01,4.171791903027648879e-02
8.904114708657633770e+00,2.653469682836902432e+00,3.851234738192968465e-02,2.596569848321446017e+01,4.387220070222600660e-02
8.959834987073232782e+00,2.655977303852276705e+00,4.151636069915364685e-02,2.408688967817899496e+01,4.610250993991832358e-02
9.013313230764966377e+00,2.658505594245470505e+00,4.473660515469379817e-02,2.235305957039253144e+01,4.840984578984419001e-02
9.064619120953949505e+00,2.661051815876885218e+00,4.817787125752968219e-02,2.075641729072267339e+01,5.079474582648723507e-02
9.113822338861302441e+00,2.663613230606924009e+00,5.184136953104170886e-02,1.928961385561423825e+01,5.325717325839253447e-02
9.160992565708138358e+00,2.666187100295987822e+00,5.572346087827535072e-02,1.794576259691481823e+01,5.579638530463625762e-02
9.206199482715577531e+00,2.668770686804479819e+00,5.981409794467126839e-02,1.671846662178223397e+01,5.841078087952681491e-02
9.249512771104734909e+00,2.671361251992801833e+00,6.409493889931736077e-02,1.560185589022615460e+01,6.109772579566199319e-02
9.291002112096727217e+00,2.673956057721355695e+00,6.853710072051820423e-02,1.459063761797887615e+01,6.385335405513313523e-02
9.330737186912671177e+00,2.676552365850543680e+00,7.309853136122008987e-02,1.368016540658593350e+01,6.667234441375152754e-02
9.368787676773681738e+00,2.679147438240768508e+00,7.772100187753980260e-02,1.286653511718284904e+01,6.954767235540212922e-02
9.405223262900875625e+00,2.681738536752432012e+00,8.232675408994617750e-02,1.214671963026076540e+01,7.247033899695337622e-02
9.440113626515373113e+00,2.684322923245936465e+00,8.681489035998417314e-02,1.151876130757555750e+01,7.542908036030325503e-02
9.473528448838290927e+00,2.686897859581683701e+00,9.105766331708338435e-02,1.098205207087045210e+01,7.841006299779768041e-02
9.505537411090740463e+00,2.689460607620075994e+00,9.489691774391419143e-02,1.053775005315313074e+01,8.139657522484670948e-02
9.536210194493841996e+00,2.692008429221515620e+00,9.814105510008801214e-02,1.018941562203668560e+01,8.436872724403438051e-02
9.565616480268712252e+00,2.694538586246404854e+00,1.005630301301456420e-01,9.944012215083715134e+00,8.730317821086390484e-02
9.593825949636467953e+00,2.697048340555145529e+00,1.019000390342338636e-01,9.813538929696038693e+00,9.017291364956002420e-02
9.620908283818224049e+00,2.699534954008140364e+00,1.018557009202071262e-01,9.817810794737855673e+00,9.294710226869010161e-02
9.646933164035100816e+00,2.701995688465791190e+00,1.001056380382606831e-01,9.989447343792933864e+00,9.559106662167088375e-02
9.671970271508207873e+00,2.704427805788499839e+00,9.630738188554290036e-02,1.038342004965368304e+01,9.806640641391695112e-02
9.696089287458670825e+00,2.706828567836669031e+00,9.011541653921954775e-02,1.109688040519443675e+01,1.003313155041508642e-01
9.719359893107599291e+00,2.709195236470700596e+00,8.120185771935321817e-02,1.231498918973211332e+01,1.023411324670373823e-01
9.741851769676115325e+00,2.711525073550997256e+00,6.928270515064907653e-02,1.443361655445740688e+01,1.040491585378979095e-01
9.763634598385330321e+00,2.713815340937960396e+00,5.414877576775244117e-02,1.846763820273728740e+01,1.054077645077423631e-01
9.784778060456364557e+00,2.716063300491992294e+00,3.569936152973157001e-02,2.801170545213162910e+01,1.063697887768906003e-01
9.805351837110334756e+00,2.718266214073495668e+00,1.397547511297953654e-02,7.155391798245652524e+01,1.068902022737353991e-01
9.825425609568355867e+00,2.720421343542872350e+00,-1.081153868970072263e-02,9.249377250553790475e+01,1.069279835782005472e-01
9.845069059051546390e+00,2.722525950760524616e+00,-3.826094533721280389e-02,2.613631187589593097e+01,1.064481122756042314e-01
9.864351866781019496e+00,2.724577297586854741e+00,-6.777802255813185350e-02,1.475404507622393346e+01,1.054235549164956320e-01
9.883343713977897238e+00,2.726572645882264112e+00,-9.858784203862872020e-02,1.014323855073508618e+01,1.038370918818684874e-01
9.902114281863289236e+00,2.728509257507155894e+00,-1.297693056568184067e-01,7.705982512109230242e+00,1.016828212400636700e-01
9.920733251658319318e+00,2.730384394321931918e+00,-1.603083908747302555e-01,6.237976655766133582e+00,9.896718262254078358e-02
9.939270304584100657e+00,2.732195318186994015e+00,-1.891662509188170027e-01,5.286355230612262979e+00,9.570937297595703830e-02
9.957795121861749976e+00,2.733939290962744906e+00,-2.153548325376303529e-01,4.643499234340438875e+00,9.194107566177170399e-02
9.976377384712382224e+00,2.735613574509586421e+00,-2.380107794166692325e-01,4.201490379767078842e+00,8.770548931326452302e-02
9.995086774357119452e+00,2.737215430687920836e+00,-2.564581520049331043e-01,3.899271644056627739e+00,8.305571392572311251e-02
1.001399297201707661e+01,2.738742121358149983e+00,-2.702520822407022960e-01,3.700249010882149747e+00,7.805261766355885145e-02
1.003316565891336509e+01,2.740190908380676582e+00,-2.791985749527517435e-01,3.581680172147111207e+00,7.276235812512980849e-02
1.005267451626710695e+01,2.741559053615902464e+00,-2.833495442830492039e-01,3.529209840553193089e+00,6.725375859517304655e-02
1.007258922529941714e+01,2.742843818924229904e+00,-2.829759351806986345e-01,3.533869406108454569e+00,6.159574010831443680e-02
1.009297946723141060e+01,2.744042466166061178e+00,-2.785246308333874654e-01,3.590346738842629559e+00,5.585498603294489217e-02
1.011391492328420583e+01,2.745152257201798118e+00,-2.705663122793475761e-01,3.695951619311515834e+00,5.009397364983722567e-02
1.013546527467892311e+01,2.746170453891843444e+00,-2.597414492396951657e-01,3.849982368725362036e+00,4.436945547067205897e-02
1.015770020263667384e+01,2.747094318096598542e+00,-2.467104446512104199e-01,4.053334675042886026e+00,3.873142063945126529e-02
1.018068938837857473e+01,2.747921111676466133e+00,-2.321121116794472861e-01,4.308262902631403435e+00,3.322252090952161618e-02
1.020450251312574785e+01,2.748648096491848491e+00,-2.165326401263821532e-01,4.618241385762149598e+00,2.787791098212698965e-02
1.022920925809930104e+01,2.749272534403147006e+00,-2.004854131773694814e-01,4.987894052497972908e+00,2.272543118468695750e-02
1.025487930452035990e+01,2.749791687270764839e+00,-1.844007019050132590e-01,5.422972850261223776e+00,1.778605093094696651e-02
1.028157761388178315e+01,2.750203667174442312e+00,-1.583790998674901862e-01,6.313964410939715499e+00,1.319505368564688995e-02
1.030933777092301895e+01,2.750512238452083036e+00,-1.339069272793019238e-01,7.467873547081015140e+00,9.148414895846654349e-03
1.033818056048048817e+01,2.750723471236437678e+00,-1.127949237107302854e-01,8.865647203810015142e+00,5.599923161467876102e-03
1.036812672963279347e+01,2.750843442462010735e+00,-9.456641437735990863e-02,1.057457879294839209e+01,2.503409134530757904e-03
1.039919702545853042e+01,2.750878229063307590e+00,-7.881627133311396027e-02,1.268773545215731069e+01,-1.826864227745076958e-04
1.043141219503629991e+01,2.750833907974832293e+00,-6.519960714470833529e-02,1.533751572736525226e+01,-2.495816777290299059e-03
1.046479298544469927e+01,2.750716556131090229e+00,-5.342231747788719204e-02,1.871876861976129192e+01,-4.469774996102016985e-03
1.049936014376232762e+01,2.750532250466586337e+00,-4.323316889645451716e-02,2.313038866975139385e+01,-6.135088020708555877e-03
1.053513441706778409e+01,2.750287067915825112e+00,-3.441717549172964435e-02,2.905526051201666249e+01,-7.519365090412569001e-03
1.057213655243966599e+01,2.749987085413311938e+00,-2.679004932113070864e-02,3.732729223500338378e+01,-8.647605936379261504e-03
1.061038729695657423e+01,2.749638379893551310e+00,-2.019354514035663628e-02,4.952077473516565220e+01,-9.542473570044675626e-03
1.064990739769710437e+01,2.749247028291048167e+00,-1.449155001343332451e-02,6.900573086198672002e+01,-1.022453593369303596e-02
1.069071760173985730e+01,2.748819107540307449e+00,-9.566793678388535102e-03,1.045282289571069327e+02,-1.071248017399420611e-02
1.073283865616343213e+01,2.748360694575834096e+00,-5.318076669930326197e-03,1.880379058192670527e+02,-1.102330284302433655e-02
1.077629130804642621e+01,2.747877866332132601e+00,-1.657930765918366875e-03,6.031614953752766723e+02,-1.117247892467751295e-02
1.082109630446744042e+01,2.747376699743708350e+00,1.489359111466598317e-03,6.714297393429059184e+02,-1.117411222456404438e-02
1.086727439250507032e+01,2.746863271745066282e+00,4.189430355771043765e-03,2.386959359814814263e+02,-1.104106934473435969e-02
1.091484631923791504e+01,2.746343659270710447e+00,6.499264348860386148e-03,1.538635676782934638e+02,-1.078509918675784815e-02
1.096383283174457546e+01,2.745823939255146673e+00,8.468394963041244589e-03,1.180861313583408077e+02,-1.041693968368740709e-02
1.101425467710364892e+01,2.745310188632879012e+00,1.013993770482048140e-02,9.861993526100307861e+01,-9.946413249284778019e-03
1.106613260239373453e+01,2.744808484338412846e+00,1.155146768638758321e-02,8.656908603730195750e+01,-9.382512247880708117e-03
1.111948735469342964e+01,2.744324903306253116e+00,1.273576995609547631e-02,7.851900618865914794e+01,-8.733475627036715178e-03
1.117433968108133513e+01,2.743865522470904317e+00,1.372148186419261395e-02,7.287842595263606427e+01,-8.006857714744809382e-03
1.123071032863604835e+01,2.743436418766871832e+00,1.453364394368552963e-02,6.880586891179981990e+01,-7.209590060570559081e-03
1.128862004443616840e+01,2.743043669128659712e+00,1.519417313246935672e-02,6.581470352361846210e+01,-6.348037093550511038e-03
1.134808957556029085e+01,2.742693350490773785e+00,1.572226995648162359e-02,6.360404717435490340e+01,-5.428046276730536662e-03
1.140913966908702015e+01,2.742391539787718102e+00,1.613476945640821350e-02,6.197795405144955794e+01,-4.454993357170295050e-03
1.147179107209495186e+01,2.742144313953998491e+00,1.644644410820220864e-02,6.080341704388717261e+01,-3.433823239472992127e-03
1.153606453166268508e+01,2.741957749924118559e+00,1.667026570765199611e-02,5.998704624971750832e+01,-2.369086949064929792e-03
1.160198079486881717e+01,2.741837924632584134e+00,1.681763211813403977e-02,5.946140294754840028e+01,-1.264975097367503597e-03
1.166956060879194901e+01,2.741790915013900154e+00,1.689856388288424327e-02,5.917662630567398452e+01,-1.253482136526679384e-04
1.173882472051067793e+01,2.741822798002570671e+00,1.692187494928795027e-02,5.909510636361714830e+01,1.046235733130462982e-03
1.180979387710360307e+01,2.741939650533101513e+00,1.689532111864480018e-02,5.918798423407601916e+01,2.246496335690557119e-03
1.188248882564932174e+01,2.742147549539996731e+00,1.682572930065737507e-02,5.943278785312030266e+01,3.472408018018940685e-03
1.195693031322643485e+01,2.742452571957761709e+00,1.671911020102678433e-02,5.981179548290710812e+01,4.721179346576669968e-03
1.203313908691353973e+01,2.742860794720900941e+00,1.658075668936360991e-02,6.031087837152148978e+01,5.990234181101081710e-03
1.211113589378923550e+01,2.743378294763919811e+00,1.641532977181961103e-02,6.091866650871136812e+01,7.277194484942328331e-03
1.219094148093212127e+01,2.744011149021322371e+00,1.622693381901795309e-02,6.162593692395545730e+01,8.579864634134267212e-03
1.227257659542079438e+01,2.744765434427614448e+00,1.601918246719209390e-02,6.242515821566042433e+01,9.896217081456703049e-03
1.235606198433385572e+01,2.745647227917300537e+00,1.579525641242496975e-02,6.331014665981448530e+01,1.122437924683871227e-02
1.244141839474990263e+01,2.746662606424885578e+00,1.555795414908052281e-02,6.427580325907440795e+01,1.256262151882509698e-02
1.252866657374753245e+01,2.747817646884874065e+00,1.530973655939762111e-02,6.531791034550278141e+01,1.390934626369281536e-02
1.261782726840534608e+01,2.749118426231770940e+00,1.505276613797400069e-02,6.643297257354409169e+01,1.526307774934126081e-02
1.270892122580194084e+01,2.750571021400081584e+00,1.478894152931672923e-02,6.761809139739031593e+01,1.662245290045216359e-02
1.280196919301591407e+01,2.752181509324310493e+00,1.451992796610155484e-02,6.887086508518603978e+01,1.798621280975811268e-02
1.289699191712586845e+01,2.753955966938962607e+00,1.424718411801410324e-02,7.018930840765948176e+01,1.935319493769659810e-02
1.299401014521040132e+01,2.755900471178542865e+00,1.397198579414516903e-02,7.157178762800064931e+01,2.072232593936314607e-02
1.309304462434811001e+01,2.758021098977555763e+00,1.369544688427863297e-02,7.301696749654270491e+01,2.209261506360734109e-02
1.319411610161759185e+01,2.760323927270506683e+00,1.341853787469269449e-02,7.452376774119301217e+01,2.346314807441910247e-02
1.329724532409744953e+01,2.762815032991900566e+00,1.314210223114460618e-02,7.609132712650534813e+01,2.483308164950183070e-02
1.340245303886627681e+01,2.765500493076241906e+00,1.286687090455846359e-02,7.771897358865400918e+01,2.620163821518577130e-02
1.350975999300267816e+01,2.768386384458035199e+00,1.259347518275620408e-02,7.940619928081999035e+01,2.756810118065514820e-02
1.361918693358524735e+01,2.771478784071786272e+00,1.232245808366589333e-02,8.115263961218548161e+01,2.893181053789368670e-02
1.373075460769258704e+01,2.774783768851999621e+00,1.205428446120825579e-02,8.295805555427928368e+01,3.029215879683890694e-02
1.384448376240329281e+01,2.778307415733179742e+00,1.178934997399493610e-02,8.482231863553205642e+01,3.164858722801273255e-02
1.396039514479596377e+01,2.782055801649831572e+00,1.152798904863315543e-02,8.674539815932315889e+01,3.300058238739832922e-02
1.407850950194919903e+01,2.786035003536460497e+00,1.127048195345024123e-02,8.872735027039985312e+01,3.434767290058994560e-02
1.419884758094159594e+01,2.790251098327571011e+00,1.101706108450803932e-02,9.076830856517433688e+01,3.568942648527981265e-02
1.432143012885175537e+01,2.794710162957668498e+00,1.076791655359830673e-02,9.286847599741388137e+01,3.702544719298796194e-02
1.444627789275827645e+01,2.799418274361257009e+00,1.052320115726140121e-02,9.502811787551573275e+01,3.835537285260380569e-02
1.457341161973975829e+01,2.804381509472841483e+00,1.028303479654824396e-02,9.724755578340305817e+01,3.967887269981877629e-02
1.470285205687479646e+01,2.809605945226927748e+00,1.004750840907778220e-02,9.952716228597670067e+01,4.099564517789194840e-02
1.483461995124199007e+01,2.815097658558019855e+00,9.816687467777102799e-03,1.018673563034843852e+02,4.230541589643101175e-02
1.496873604991994178e+01,2.820862726400622744e+00,9.590615094400338492e-03,1.042685990582469344e+02,4.360793573599464068e-02
1.510522109998724538e+01,2.826907225689241354e+00,9.369314830393696628e-03,1.067313905127873852e+02,4.490297908734278143e-02
1.524409584852250177e+01,2.833237233358381069e+00,9.152793102809586578e-03,1.092562662312376602e+02,4.619034221509074611e-02
1.538538104260431183e+01,2.839858826342545939e+00,8.941041418690053380e-03,1.118437946064799036e+02,4.746984173636691062e-02
1.552909742931126935e+01,2.846778081576241348e+00,8.734038317564840267e-03,1.144945744042502156e+02,4.874131320584336458e-02
1.567526575572197700e+01,2.854001075993971792e+00,8.531751108379640944e-03,1.172092325827260311e+02,5.000460979920961363e-02
1.582390676891503034e+01,2.861533886530242654e+00,8.334137414230205834e-03,1.199884223522088860e+02,5.125960108779892277e-02
1.597504121596903204e+01,2.869382590119558429e+00,8.141146545680379501e-03,1.228328214446147229e+02,5.250617189765991594e-02
1.612868984396257588e+01,2.877553263696424057e+00,7.952720721144780971e-03,1.257431305667743402e+02,5.374422124689951646e-02
1.628487339997426631e+01,2.886051984195344478e+00,7.768796150783687307e-03,1.287200720151633391e+02,5.497366135560984718e-02
1.644361263108269355e+01,2.894884828550824629e+00,7.589303998556784503e-03,1.317643884327422370e+02,5.619441672313752606e-02
1.660492828436646562e+01,2.904057873697369008e+00,7.414171235486131245e-03,1.348768416911849499e+02,5.740642326786124516e-02
1.676884110690417629e+01,2.913577196569482997e+00,7.243321395762593318e-03,1.380582118839858197e+02,5.860962752501742978e-02
1.693537184577442645e+01,2.923448874101671091e+00,7.076675246072972915e-03,1.413092964178235320e+02,5.980398589845573043e-02
1.710454124805581344e+01,2.933678983228438675e+00,6.914151377408510150e-03,1.446309091911738847e+02,6.098946396251989782e-02
1.727637006082693460e+01,2.944273600884289799e+00,6.755666727622687377e-03,1.480238798505531008e+02,6.216603581053806865e-02
1.745087903116639083e+01,2.955238804003729847e+00,6.601137042123429721e-03,1.514890531159649356e+02,6.333368344667085481e-02
1.762808890615277946e+01,2.966580669521264202e+00,6.450477279298857947e-03,1.550272881681549109e+02,6.449239621810876066e-02
1.780802043286470138e+01,2.978305274371396916e+00,6.303601966575959718e-03,1.586394580911630499e+02,6.564217028483336491e-02
1.799069435838075037e+01,2.990418695488632927e+00,6.160425512387570496e-03,1.623264493644423965e+02,6.678300812436371858e-02
1.817612661623239845e+01,3.002926339163255243e+00,5.891040707618774505e-03,1.697492938228585615e+02,6.790668795007874514e-02
1.836427718246579843e+01,3.015825815446472102e+00,5.581695643541931783e-03,1.791570275167203476e+02,6.898801325479146651e-02
1.855506993152364714e+01,3.029109704557827243e+00,5.298851133309519061e-03,1.887201536411963900e+02,7.002802924710427313e-02
1.874842813615525472e+01,3.042770502886338768e+00,5.039796617038328451e-03,1.984207054346682924e+02,7.102963275712657898e-02
1.894427506910993486e+01,3.056800706821023006e+00,4.802156837653697406e-03,2.082397626331158165e+02,7.199547944282869150e-02
1.914253400313700126e+01,3.071192812750897616e+00,4.583844530289977841e-03,2.181574862306115676e+02,7.292800932826305760e-02
1.934312821098576052e+01,3.085939317064979814e+00,4.383020636175633498e-03,2.281531580632805856e+02,7.382946921817533370e-02
1.954598096540552632e+01,3.101032716152287261e+00,4.198060720450016471e-03,2.382052253624391938e+02,7.470193242891330632e-02
1.975101553914561237e+01,3.116465506401836283e+00,4.027526526393061974e-03,2.482913503975283618e+02,7.554731620640334211e-02
1.995815520495533235e+01,3.132230184202644985e+00,3.870141799233413945e-03,2.583884653006969643e+02,7.636739714482876362e-02
2.016732323558399287e+01,3.148319245943729694e+00,3.724771672638537302e-03,2.684728321324524245e+02,7.716382487224383857e-02
2.037844290378090761e+01,3.164725188014108515e+00,3.590405039050244881e-03,2.785201082116701627e+02,7.793813422988644934e-02
2.059143748229539028e+01,3.181440506802797774e+00,3.466139428024069772e-03,2.885054166935421449e+02,7.869175613896418897e-02
2.080623024387675102e+01,3.198457698698815577e+00,3.351167999924925360e-03,2.984034223358549980e+02,7.942602732102728436e-02
2.102274446127429997e+01,3.215769260091178694e+00,3.244768329810754966e-03,3.081884123475536512e+02,8.014219901476829500e-02
2.124090340723735437e+01,3.233367687368904342e+00,3.146292711288729491e-03,3.178343821641431077e+02,8.084144481244709413e-02
2.146063035451522083e+01,3.251245476921010180e+00,3.055159755054536689e-03,3.273151259424564046e+02,8.152486772251431313e-02
2.168184857585721659e+01,3.269395125136512537e+00,2.970847093692089227e-03,3.366043315131465761e+02,8.219350655089305291e-02
2.190448134401264468e+01,3.287809128404429515e+00,2.892885034675621737e-03,3.456756794734256459e+02,8.284834168136789856e-02
2.212845193173082592e+01,3.306479983113777887e+00,2.820851028614659341e-03,3.545029460457212735e+02,8.349030032528073630e-02
2.235368361176106689e+01,3.325400185653574869e+00,2.754364840601101778e-03,3.630601092706962731e+02,8.412026130196864626e-02
2.258009965685268128e+01,3.344562232412837677e+00,2.693084329846170445e-03,3.713214580462544063e+02,8.473905940386686209e-02
2.280762333975498279e+01,3.363958619780583970e+00,2.636701757268154409e-03,3.792617034685350177e+02,8.534748939374951771e-02
2.303617793321727802e+01,3.383581844145830519e+00,2.584940552821945320e-03,3.868560918773599155e+02,8.594630967603303362e-02
2.326568670998888422e+01,3.403424401897594542e+00,2.537552484563375312e-03,3.940805189580404999e+02,8.653624567928860922e-02
2.349607294281910441e+01,3.423478789424893254e+00,2.494315180052851522e-03,4.009116442048078284e+02,8.711799298298984751e-02
2.372725990445726296e+01,3.443737503116744314e+00,2.455029957999012215e-03,4.073270050093630630e+02,8.769222021796775624e-02
2.395917086765266646e+01,3.464193039362164495e+00,2.419519934250180873e-03,4.133051296020440191e+02,8.825957176697790674e-02
2.419172910515462860e+01,3.484837894550171455e+00,2.387628371544583007e-03,4.188256480438323024e+02,8.882067028914032714e-02
2.442485788971245242e+01,3.505664565069782412e+00,2.359217246983583149e-03,4.238694004456634161e+02,8.937611908973451535e-02
2.465848049407546227e+01,3.526665547310013693e+00,2.334166015122678649e-03,4.284185415780900144e+02,8.992650435487528626e-02
2.489252019099296120e+01,3.547833337659883401e+00,2.312370547989427930e-03,4.324566410299098607e+02,9.047239726892002121e-02
2.512690025321425935e+01,3.569160432508408753e+00,2.293742236325025177e-03,4.359687780795170511e+02,9.101435603103275040e-02
2.536154395348867752e+01,3.590639328244606077e+00,2.278207238982824824e-03,4.389416304578509198e+02,9.155292778612753035e-02
2.559637456456552229e+01,3.612262521257493919e+00,2.265705869767243707e-03,4.413635562072009293e+02,9.208865048441000623e-02
2.583131535919410737e+01,3.634022507936088608e+00,2.256192113116020203e-03,4.432246678758676239e+02,9.262205468291616339e-02
2.606628961012374290e+01,3.655911784669407361e+00,2.249633261966700951e-03,4.445168983346948721e+02,9.315366530179175486e-02
2.630122059010373903e+01,3.677922847846468279e+00,2.246009672947817896e-03,4.452340575575220214e+02,9.368400334755812298e-02
2.653603157188341299e+01,3.700048193856287249e+00,2.245314635736072716e-03,4.453718797731766017e+02,9.421358761525767955e-02
2.677064582821206784e+01,3.722280319087882372e+00,2.247554355059489320e-03,4.449280604711032652e+02,9.474293638116157434e-02
2.700498663183902437e+01,3.744611719930270866e+00,2.252748045437910976e-03,4.439022828252461181e+02,9.527256909764884873e-02
2.723897725551359272e+01,3.767034892772469945e+00,2.260928140370421606e-03,4.422962331903940481e+02,9.580300810192891869e-02
2.747254097198508305e+01,3.789542334003495938e+00,2.272140619339006913e-03,4.401136054206504582e+02,9.633478035048177734e-02
2.770560105400280548e+01,3.812126540012367393e+00,2.286445457734631245e-03,4.373600938597423919e+02,9.686841919143279744e-02
2.793808077431607018e+01,3.834780007188101081e+00,2.303917206664256399e-03,4.340433749561067884e+02,9.740446618757324371e-02
2.816990340567419793e+01,3.857495231919713774e+00,2.324645711606977954e-03,4.301730775605893768e+02,9.794347300338780704e-02
2.840099222082649177e+01,3.880264710596222688e+00,2.348736981101075087e-03,4.257607420696401164e+02,9.848600337027355045e-02
2.863127049252226897e+01,3.903080939606645927e+00,2.376314219114601060e-03,4.208197686805044668e+02,9.903263514514415444e-02
2.886066149351083610e+01,3.925936415339999819e+00,2.407519037541479365e-03,4.153653551255753769e+02,9.958396247882972396e-02
2.908908849654150686e+01,3.948823634185301579e+00,2.442512868444826450e-03,4.094144243492606279e+02,1.001405981121299277e-01
2.931647477436359850e+01,3.971735092531569311e+00,2.481478599323938636e-03,4.029855426810623840e+02,1.007031758190869430e-01
2.954274359972641051e+01,3.994663286767819343e+00,2.524622458912115577e-03,3.960988291417282881e+02,1.012723530190472732e-01
2.976781824537926724e+01,4.017600713283069780e+00,2.572176185940121176e-03,3.887758565941716711e+02,1.018488135814243911e-01
2.999162198407147883e+01,4.040539868466336060e+00,2.624399519070375140e-03,3.810395455163868519e+02,1.024332708498036787e-01
3.021407808855235544e+01,4.063473248706637619e+00,2.681583052996793122e-03,3.729140512289760068e+02,1.030264709152095559e-01
3.043510983157120364e+01,4.086393350392991231e+00,2.744051513729837272e-03,3.644246454545437359e+02,1.036291961720553489e-01
3.065464048587734425e+01,4.109292669914412777e+00,2.812167515609060621e-03,3.555975931197041291e+02,1.042422691946024021e-01
3.087259332422008384e+01,4.132163703659920806e+00,2.886335873929722282e-03,3.464600253325709787e+02,1.048665569767719269e-01
3.108889161934873258e+01,4.154998948018532090e+00,2.967008560634881113e-03,3.370398094793564496e+02,1.055029755840053984e-01
3.130345864401260414e+01,4.177790899379263401e+00,3.054690406803365829e-03,3.273654173833175491e+02,1.061524952727034010e-01
3.151621767096101223e+01,4.200532054131132398e+00,3.149945675271077251e-03,3.174657924581325688e+02,1.068161461407711316e-01
3.172709197294326700e+01,4.223214908663155853e+00,3.253405650424293430e-03,3.073702167664167177e+02,1.074950243821779367e-01
3.193600482270868213e+01,4.245831959364352315e+00,3.365777420958540947e-03,2.971081788632385496e+02,1.081902992294610927e-01
3.214287949300656066e+01,4.268375702623737666e+00,3.487854066413049407e-03,2.867092432649889702e+02,1.089032206810923720e-01
3.234763925658623407e+01,4.290838634830329568e+00,3.620526501094593983e-03,2.762029223367567852e+02,1.096351281259710653e-01
3.255020738619698761e+01,4.313213252373145679e+00,3.764797281532384493e-03,2.656185513375026517e+02,1.103874599954880603e-01
3.275050715458815631e+01,4.335492051641201883e+00,3.921796748326974134e-03,2.549851673028687173e+02,1.111617645952138606e-01
3.294846183450904675e+01,4.357667529023517616e+00,4.092801953333582293e-03,2.443313923815691169e+02,1.119597122940246547e-01
3.314399469870895842e+01,4.379732180909107875e+00,4.279258922625885607e-03,2.336853221740480819e+02,1.127831092792994927e-01
3.333702901993721213e+01,4.401678503686991206e+00,4.482808929887473898e-03,2.230744195526311842e+02,1.136339131238200545e-01
3.352748807094312156e+01,4.423498993746184382e+00,4.705319610626969469e-03,2.125254143717461659e+02,1.145142504545864776e-01
3.371529512447600041e+01,4.445186147475704175e+00,4.948921943869171412e-03,2.020642094060143847e+02,1.154264370676916784e-01
3.390037345328514817e+01,4.466732461264569132e+00,5.216054376524921835e-03,1.917157927840137575e+02,1.163730008988991260e-01
3.408264633011988565e+01,4.488130431501794249e+00,5.509515682080633713e-03,1.815041571171926194e+02,1.173567083394632671e-01
3.426203702772953363e+01,4.509372554576399850e+00,5.832528550339268099e-03,1.714522254574873443e+02,1.183805944846218344e-01
3.443846881886338451e+01,4.530451326877400930e+00,6.188816426512992221e-03,1.615817841543955637e+02,1.194479980226811899e-01
3.461186497627076619e+01,4.551359244793814263e+00,6.582696793562280851e-03,1.519134226230769116e+02,1.205626016216631569e-01
3.478214877270097816e+01,4.572088804714658394e+00,7.019194972320556836e-03,1.424664799800251842e+02,1.217284788557919523e-01
3.494924348090333410e+01,4.592632503028950985e+00,7.504183669503696613e-03,1.332589984522776092e+02,1.229501489457501817e-01
3.511307237362716194e+01,4.612982836125707919e+00,8.044555030591553704e-03,1.243076834203053949e+02,1.242326408778453573e-01
3.527355872362176115e+01,4.633132300393947745e+00,8.648433986940881960e-03,1.156278699137899366e+02,1.255815688355172710e-01
3.543062580363643832e+01,4.653073392222685456e+00,9.325444412646773096e-03,1.072334953435401275e+02,1.270032213453109737e-01
3.558419688642051426e+01,4.672798608000941378e+00,1.008704329335299334e-02,9.913707822181795848e+01,1.285046671398817342e-01
3.573419901067942561e+01,4.692300646510186191e+00,1.063256865098340977e-02,9.405065067767135645e+01,1.300823262355711996e-01
3.588064583210956471e+01,4.711576861558386398e+00,1.087664187683763661e-02,9.194014212507548223e+01,1.316710568380752566e-01
3.602363762339828668e+01,4.730629261979999889e+00,1.109918763983840616e-02,9.009668386997006451e+01,1.332563456729202178e-01
3.616327842318906249e+01,4.749460059001937573e+00,1.129573545077945836e-02,8.852898550585258874e+01,1.348344004434767207e-01
3.629967227012537734e+01,4.768071463851114800e+00,1.146141269657556007e-02,8.724927951497461720e+01,1.364010892999317215e-01
3.643292320285070218e+01,4.786465687754443366e+00,1.159095077710984613e-02,8.627419952251283064e+01,1.379519309677409156e-01
3.656313526000851510e+01,4.804644941938837732e+00,1.167870122616677248e-02,8.562595965375371065e+01,1.394820875564596885e-01
3.669041248024229418e+01,4.822611437631210585e+00,1.171866365656742785e-02,8.533396207165442604e+01,1.409863606390108770e-01
3.681485890219552459e+01,4.840367386058474608e+00,1.170452740365337564e-02,8.543702496590050544e+01,1.424591912342418054e-01
3.693657856451167021e+01,4.857914998447544264e+00,1.162972869780967526e-02,8.598652866152745844e+01,1.438946643589680829e-01
3.705567550583422332e+01,4.875256486025332237e+00,1.148752505419877064e-02,8.705095268841159850e+01,1.452865188359335202e-01
3.717225376480664778e+01,4.892394060018751212e+00,1.127108830425680927e-02,8.872257700459368834e+01,1.466281630471826802e-01
3.728641738007243589e+01,4.909329931654714763e+00,1.097361728792014927e-02,9.112765405996147194e+01,1.479126973039186776e-01
3.739827039027505151e+01,4.926066312160136462e+00,1.058847066047253691e-02,9.444234508134081807e+01,1.491329434595890790e-01
3.750791683405797272e+01,4.942605412761929884e+00,1.010931953179473701e-02,9.891862620969772024e+01,1.502814823184339399e-01
3.761546075006468470e+01,4.958949444687007713e+00,9.530318746166263622e-03,1.049282848385598186e+02,1.513506992832310272e-01
3.772100617693866553e+01,4.975100619162282634e+00,8.846294537433853702e-03,1.130416804197977143e+02,1.523328385404839336e-01
3.782465715332338618e+01,4.991061147414669108e+00,8.052945082617264314e-03,1.241781720526762740e+02,1.532200658970678253e-01
3.792651771786233184e+01,5.006833240671078933e+00,7.147049170297247594e-03,1.399178844544607614e+02,1.540045401593086172e-01
3.802669190919897346e+01,5.022419110158426570e+00,6.126676861601045888e-03,1.632206206708078753e+02,1.546784926856766551e-01
3.812528376597678914e+01,5.037820967103624703e+00,4.991394734243041059e-03,2.003448040563862094e+02,1.552343144523249119e-01
3.822239732683925695e+01,5.053041022733587795e+00,3.742457164537201821e-03,2.672041271375945257e+02,1.556646496540070035e-01
3.831813663042985496e+01,5.068081488275226754e+00,2.382974232173398939e-03,4.196436480506744715e+02,1.559624945318848210e-01
3.841260571539206126e+01,5.082944574955456929e+00,9.180463468210750587e-04,1.089269625071442533e+03,1.561212997877096942e-01
3.850590862036935391e+01,5.097632494001190118e+00,-6.451442916532076086e-04,1.550040840379228484e+03,1.561350746267992917e-01
3.859814938400521100e+01,5.112147456639340781e+00,-2.297294679791727322e-03,4.352946136151153382e+02,1.559984901880933361e-01
3.868943204494311061e+01,5.126491674096820716e+00,-4.027002456124753431e-03,2.483236627976421573e+02,1.557069798874379796e-01
3.877986064182653081e+01,5.140667357600545273e+00,-5.820853868129320131e-03,1.717961011657170332e+02,1.552568340391076718e-01
3.886953921329894257e+01,5.154676718377425360e+00,-7.663581726503971604e-03,1.304872885404964791e+02,1.546452860479184677e-01
3.895857179800383108e+01,5.168521967654375437e+00,-9.538293666832385956e-03,1.048405548129967002e+02,1.538705874945818508e-01
3.904706243458466730e+01,5.182205316658309080e+00,-1.142676750424523324e-02,8.751381347598815807e+01,1.529320695800879260e-01
3.913511516168492932e+01,5.195728976616138972e+00,-1.330980676130483556e-02,7.513257088805129058e+01,1.518301886548756585e-01
3.922283401794809521e+01,5.209095158754777799e+00,-1.516764583316627425e-02,6.592980947731214769e+01,1.505665539323801649e-01
3.931032304201765726e+01,5.222306074301140022e+00,-1.698039100805972743e-02,5.889145894964084960e+01,1.491439359638020157e-01
3.939768627253707223e+01,5.235363934482138326e+00,-1.872848096013675009e-02,5.339461337673262875e+01,1.475662550137858686e-01
3.948502774814982530e+01,5.248270950524686285e+00,-2.039314861528987097e-02,4.903607671697369597e+01,1.458385491006262691e-01
3.957245150749940166e+01,5.261029333655696583e+00,-2.195686563522233209e-02,4.554384112073991275e+01,1.439669221198967564e-01
3.966006158922926517e+01,5.273641295102081905e+00,-2.340375126205011813e-02,4.272819296372927766e+01,1.419584731240016440e-01
3.974796203198290812e+01,5.286109046090757602e+00,-2.471992890748924906e-02,4.045319077341828518e+01,1.398212084481323669e-01
3.983625687440379437e+01,5.298434797848634581e+00,-2.589381654856847542e-02,3.861925869924665022e+01,1.375639389231684273e-01
3.992505015513540911e+01,5.310620761602628193e+00,-2.691634050564951919e-02,3.715215297525710270e+01,1.351961648699546437e-01
4.001444591282122332e+01,5.322669148579649345e+00,-2.778106625708549882e-02,3.599573863529994355e+01,1.327279519050788559e-01
4.010454818610472216e+01,5.334582170006613389e+00,-2.848424427429122399e-02,3.510712765873031316e+01,1.301698007914770250e-01
4.019546101362938373e+01,5.346362037110432119e+00,-2.902477311771744714e-02,3.445332702323778307e+01,1.275325146322373593e-01
4.028728843403867899e+01,5.358010961118019999e+00,-2.940408591730145002e-02,3.400887899771769440e+01,1.248270666358543973e-01
4.038013448597608601e+01,5.369531153256289713e+00,-2.962596962033052506e-02,3.375416949438036340e+01,1.220644714869328906e-01
4.047410320808509709e+01,5.380924824752153945e+00,-2.969632884642908408e-02,3.367419606549271549e+01,1.192556630556799308e-01
4.056929863900916189e+01,5.392194186832526270e+00,-2.962290774664028473e-02,3.375765838225034088e+01,1.164113807951170781e-01
4.066582481739177979e+01,5.403341450724320261e+00,-2.941498390704769608e-02,3.399627901072570779e+01,1.135420667323675803e-01
4.076378578187642887e+01,5.414368827654449490e+00,-2.908304812716815471e-02,3.438429134482097993e+01,1.106577744860421098e-01
4.086328557110657300e+01,5.425278528849825754e+00,-2.863848295885306969e-02,3.491805070250301668e+01,1.077680912610388397e-01
4.096442822372569736e+01,5.436072765537364404e+00,-2.809325137224679553e-02,3.559573745130461475e+01,1.048820733077293066e-01
4.106731777837728004e+01,5.446753748943976348e+00,-2.745960500098292706e-02,3.641712981538535132e+01,1.020081949034873092e-01
4.117205827370479909e+01,5.457323690296576935e+00,-2.674981928977882700e-02,3.738343011468875687e+01,9.915431053529906447e-02
4.127875374835173261e+01,5.467784800822077962e+00,-2.597596068985467271e-02,3.849713248105452834e+01,9.632762964251402604e-02
4.138750824096155156e+01,5.478139291747393891e+00,-2.514968896122631026e-02,3.976192316102662261e+01,9.353470302379569834e-02
4.149842579017773403e+01,5.488389374299436518e+00,-2.428209575357220470e-02,4.118260673001783090e+01,9.078141982301390911e-02
4.161161043464377229e+01,5.498537259705120306e+00,-2.338357902216297093e-02,4.276505316197317086e+01,8.807301388271379650e-02
4.172716621300312312e+01,5.508585159191357938e+00,-2.246375153228430399e-02,4.451616189588042261e+01,8.541407818573296118e-02
4.184519716389927879e+01,5.518535283985062101e+00,-2.153138072572104156e-02,4.644383993477092787e+01,8.280858608847238567e-02
4.196580732597571739e+01,5.528389845313147255e+00,-2.059435655393902775e-02,4.855699168754717476e+01,8.025991807509914866e-02
4.208910073787590278e+01,5.538151054402526086e+00,-1.965968349535094847e-02,5.086551877788248532e+01,7.777089282197925668e-02
4.221518143824332014e+01,5.547821122480112166e+00,-1.873349282840214985e-02,5.338032843954673012e+01,7.534380144744244612e-02
4.234415346572145467e+01,5.557402260772817293e+00,-1.782107128274163302e-02,5.611334942408455362e+01,7.298044392565383731e-02
4.247612085895377732e+01,5.566896680507556816e+00,-1.692690239115665282e-02,5.907755458685951311e+01,7.068216675783885183e-02
4.261118765658375906e+01,5.576306592911242532e+00,-1.605471717144633242e-02,6.228698950726593608e+01,6.844990111332152627e-02
4.274945789725488510e+01,5.585634209210788015e+00,-1.520755114092455298e-02,6.575680665041014095e+01,6.628420077182653469e-02
4.289103561961063349e+01,5.594881740633107725e+00,-1.438780507372811393e-02,6.950330469975457959e+01,6.418527931336802383e-02
4.303602486229448232e+01,5.604051398405112572e+00,-1.359730732601739482e-02,7.354397278986093056e+01,6.215304610992919421e-02
4.318452966394990256e+01,5.613145393753717016e+00,-1.283737595632388449e-02,7.789753945060594731e+01,6.018714077205142288e-02
4.333665406322037938e+01,5.622165937905835520e+00,-1.210887924340453385e-02,8.258402614302063682e+01,5.828696579220474239e-02
4.349250209874938378e+01,5.631115242088378992e+00,-1.141229354277231364e-02,8.762480532524722321e+01,5.645171720485387540e-02
4.365217780918040091e+01,5.639995517528262781e+00,-1.074775772054173406e-02,9.304266303740196520e+01,5.468041315042200534e-02
4.381578523315690177e+01,5.648808975452397796e+00,-1.011512365762301698e-02,9.886186603822429220e+01,5.297192028723447105e-02
4.398342840932236442e+01,5.657557827087700275e+00,-9.514002529348310547e-03,1.051082335657627738e+02,5.132497804261746538e-02
4.415521137632027404e+01,5.666244283661081127e+00,-8.943806737777683022e-03,1.118092138301811644e+02,4.973822073243709674e-02
4.433123817279409451e+01,5.674870556399453925e+00,-8.403787509782172441e-03,1.189939653800123409e+02,4.821019760840247748e-02
4.451161283738731811e+01,5.683438856529732242e+00,-7.893068277715596659e-03,1.266934435146453524e+02,4.673939091537656493e-02
4.469643940874340871e+01,5.691951395278829651e+00,-7.410674035478792554e-03,1.349404919461406962e+02,4.532423205769298136e-02
4.488582192550585148e+01,5.700410383873658837e+00,-6.955556915409475544e-03,1.437699399432100904e+02,4.396311598498127415e-02
4.507986442631812452e+01,5.708818033541134263e+00,-6.526618264821523741e-03,1.532187052198227377e+02,4.265441391511409081e-02
4.527867094982370588e+01,5.717176555508167723e+00,-6.122727518927709514e-03,1.633259028608760843e+02,4.139648451538714691e-02
4.548234553466607366e+01,5.725488161001672793e+00,-5.742738172647924438e-03,1.741329606080419694e+02,4.018768366362876487e-02
4.569099107581550356e+01,5.733755031869876895e+00,-5.367638531539707311e-03,1.863016658301597488e+02,3.902702307592390701e-02
4.590464184785154345e+01,5.741977587239911252e+00,-4.993956297130361897e-03,2.002420406791749770e+02,3.792024090175018930e-02
4.612322576374798899e+01,5.750153514021199008e+00,-4.660252089088929087e-03,2.145806666427562845e+02,3.686518976229537919e-02
4.634666158709319461e+01,5.758280264093686540e+00,-4.361308230392697480e-03,2.292889993491606049e+02,3.585737717797322921e-02
4.657486808147552892e+01,5.766355289337316670e+00,-4.092713030659542173e-03,2.443367009875231020e+02,3.489278764756179041e-02
4.680776401048335345e+01,5.774376041632036660e+00,-3.850718726876581430e-03,2.596917798800449191e+02,3.396782015037291130e-02
4.704526813770503679e+01,5.782339972857791111e+00,-3.632127406102187653e-03,2.753207385621828962e+02,3.307923518944296676e-02
4.728729922672894048e+01,5.790244534894523731e+00,-3.434198850715761576e-03,2.911887294445917860e+02,3.222410971756425879e-02
4.753377604114343313e+01,5.798087179622180898e+00,-3.254575671670079801e-03,3.072597170514864047e+02,3.139979860920218829e-02
4.778461734453687626e+01,5.805865358920706321e+00,-3.091222159798684508e-03,3.234966457619871676e+02,3.060390159422812784e-02
4.803974190049763138e+01,5.813576524670046375e+00,-2.942374086722904236e-03,3.398616119250013412e+02,2.983423476972021926e-02
4.829906847261407421e+01,5.821218128750145659e+00,-2.806497294690536975e-03,3.563160391751835618e+02,2.908880596570583704e-02
4.856251582447455206e+01,5.828787623040948773e+00,-2.682253378752665843e-03,3.728208557481740399e+02,2.836579336862486353e-02
4.883000271966744776e+01,5.836282459422401203e+00,-2.568471121351841024e-03,3.893366725780738875e+02,2.766352690932998709e-02
4.910144792178110862e+01,5.843700089774447548e+00,-2.464122615225828195e-03,4.058239609591641397e+02,2.698047200586778382e-02
4.937677019440391746e+01,5.851037965977033295e+00,-2.368303225118641164e-03,4.222432285671124532e+02,2.631521531916128365e-02
4.965588830112422158e+01,5.858293539910103931e+00,-2.280214706682521988e-03,4.385551926620529457e+02,2.566645223519572333e-02
4.993872100553039672e+01,5.865464263453603166e+00,-2.199150933027121686e-03,4.547209493363442334e+02,2.503297583285916256e-02
5.022518707121079728e+01,5.872547588487476489e+00,-2.124485783807882056e-03,4.707021377227678158e+02,2.441366713414406392e-02
5.051520526175380610e+01,5.879540966891669385e+00,-2.055662834739682091e-03,4.864610981433803545e+02,2.380748646450412537e-02
5.080869434074776336e+01,5.886441850546126453e+00,-1.992186551691529656e-03,5.019610232540311472e+02,2.321346577699593544e-02
5.110557307178105191e+01,5.893247691330793181e+00,-1.933614746676498358e-03,5.171661013233388076e+02,2.263070181538457196e-02
5.140576021844203325e+01,5.899955941125613279e+00,-1.879552095880100996e-03,5.320416508762688181e+02,2.205835000943179650e-02
5.170917454431906179e+01,5.906564051810534011e+00,-1.829644554523184594e-03,5.465542460298281640e+02,2.149561901073758149e-02
5.201573481300051327e+01,5.913069475265498198e+00,-1.783574531507471942e-03,5.606718319501921997e+02,2.094176579027536012e-02
5.232535978807474919e+01,5.919469663370452217e+00,-1.741056709752245848e-03,5.743638299652519663e+02,2.039609122955621939e-02
5.263796823313013817e+01,5.925762068005341554e+00,-1.701834416927857632e-03,5.876012319724939061e+02,1.985793614651120212e-02
5.295347891175502753e+01,5.931944141050109032e+00,-1.665676466736651547e-03,6.003566838878218732e+02,1.932667770496504511e-02
5.327181058753780007e+01,5.938013334384701913e+00,-1.632374403627336002e-03,6.126045579849068190e+02,1.880172616321333298e-02
5.359288202406681734e+01,5.943967099889063910e+00,-1.601740094365764703e-03,6.243210140756116289e+02,1.828252192289129066e-02
5.391661198493044083e+01,5.949802889443140508e+00,-1.573603618631993096e-03,6.354840495787284453e+02,1.776853284418830961e-02
5.424291923371703206e+01,5.955518154926876306e+00,-1.547811418097648582e-03,6.460735386156143250e+02,1.725925179764420045e-02
5.457172253401495965e+01,5.961110348220216792e+00,-1.524224669522531187e-03,6.560712603564234087e+02,1.675419442636449929e-02
5.490294064941258512e+01,5.966576921203107453e+00,-1.502717852507911254e-03,6.654609169186903728e+02,1.625289709560169549e-02
5.523649234349827708e+01,5.971915325755492887e+00,-1.483177486828593733e-03,6.742281411904730248e+02,1.575491500933865960e-02
5.557229637986039705e+01,5.977123013757316805e+00,-1.465501017876893021e-03,6.823604950126368749e+02,1.525982047584162858e-02
5.591027152208731366e+01,5.982197437088526470e+00,-1.449595831803659942e-03,6.898474582089201022e+02,1.476720130617443713e-02
5.625033653376738130e+01,5.987136047629065594e+00,-1.435378384528253814e-03,6.966804089979774517e+02,1.427665933142583700e-02
5.659241017848897570e+01,5.991936297258879662e+00,-1.422773430987761328e-03,7.028525963587536580e+02,1.378780902593557643e-02
5.693641121984046549e+01,5.996595637857913275e+00,-1.411713342869378926e-03,7.083591049493442142e+02,1.330027622514206621e-02
5.728225842141019086e+01,6.001111521306111030e+00,-1.402137504670987857e-03,7.131968132003219125e+02,1.281369692784248629e-02
5.762987054678654886e+01,6.005481399483419302e+00,-1.393991779307153338e-03,7.173643452166005545e+02,1.232771617367656863e-02
5.797916635955787257e+01,6.009702724269782692e+00,-1.387228035657051646e-03,7.208620171278158750e+02,1.184198698753783675e-02
5.833006462331255193e+01,6.013772947545145797e+00,-1.381803731467335945e-03,7.236917785263910901e+02,1.135616938339631919e-02
5.868248410163893425e+01,6.017689521189453217e+00,-1.377681545901925401e-03,7.258571496254825206e+02,1.086992942069930565e-02
5.903634355812539525e+01,6.021449897082650438e+00,-1.374829056793140441e-03,7.273631547565277060e+02,1.038293830711307757e-02
5.939156175636028934e+01,6.025051527104682947e+00,-1.373218458312366625e-03,7.282162528087206965e+02,9.894871541888845823e-03
5.974805745993199935e+01,6.028491863135496232e+00,-1.372826315358499898e-03,7.284242651910849418e+02,9.405408094589468720e-03
6.010574943242886548e+01,6.031768357055033114e+00,-1.373633351471443718e-03,7.279963018725443362e+02,8.914229614306868471e-03
6.046455643743927055e+01,6.034878460743240858e+00,-1.375624267526803866e-03,7.269426860271023543e+02,8.421019664840406760e-03
6.082439723855156899e+01,6.037819626080063173e+00,-1.378787588865756962e-03,7.252748777805854843e+02,7.925462981598577900e-03
6.118519059935410809e+01,6.040589304945445548e+00,-1.383115538868889263e-03,7.230053975228989884e+02,7.427244746235519939e-03
6.154685528343529199e+01,6.043184949219333468e+00,-1.388603937301339814e-03,7.201477492159744997e+02,6.926049875243449859e-03
6.190931005438346801e+01,6.045604010781671533e+00,-1.395252122044807891e-03,7.167163440930322622e+02,6.421562318896375035e-03
6.227247367578700477e+01,6.047843941512404342e+00,-1.403062893095083840e-03,7.127264251098907835e+02,5.913464367080148616e-03
6.263626491123425666e+01,6.049902193291476493e+00,-1.412042477946267487e-03,7.081939924742498533e+02,5.401435958654444459e-03
6.300060252431359231e+01,6.051776217998835250e+00,-1.422200517708835854e-03,7.031357305445221755e+02,4.885153991072379263e-03
6.336540527861338035e+01,6.053463467514423435e+00,-1.433550073521899088e-03,6.975689363561835989e+02,4.364291627036427298e-03
6.373059193772198228e+01,6.054961393718186535e+00,-1.446107653023660398e-03,6.915114500010453185e+02,3.838517594995863834e-03
6.409608126522775251e+01,6.056267448490070038e+00,-1.459893256841380280e-03,6.849815870535605882e+02,3.307495480291249186e-03
6.446179202471907388e+01,6.057379083710019430e+00,-1.474930445256026007e-03,6.779980732084046622e+02,2.770883003726709506e-03
6.482764297978430079e+01,6.058293751257978421e+00,-1.491246425390007832e-03,6.705799812653153822e+02,2.228331284300485993e-03
6.519355289401180187e+01,6.059008903013893388e+00,-1.508872159461840078e-03,6.627466705705960521e+02,1.679484082748212113e-03
6.555944053098993152e+01,6.059521990857708040e+00,-1.527842494851854114e-03,6.545177289999151071e+02,1.123977022451588077e-03
6.592522465430707257e+01,6.059830466669368754e+00,-1.548196316931233375e-03,6.459129175440463086e+02,5.614367841360094974e-04
6.629082402755156522e+01,6.059931782328819239e+00,-1.569976725825412414e-03,6.369521175380812110e+02,-8.519729376305771036e-06
6.665615741431179231e+01,6.059823389716004982e+00,-1.593231238515540509e-03,6.276552805553378676e+02,-5.862862622779170399e-04
6.702114357817612245e+01,6.059502740710871471e+00,-1.618012017931488595e-03,6.180423809697209663e+02,-1.172268112890970842e-03
6.738570128273289583e+01,6.058967287193363305e+00,-1.644376130960521635e-03,6.081333711745588744e+02,-1.766883083175711886e-03
6.774974929157050951e+01,6.058214481043425970e+00,-1.672385837591210773e-03,5.979481394319453784e+02,-2.370562475311653854e-03
6.811320636827730368e+01,6.057241774141003177e+00,-1.702108913736934126e-03,5.875064703142450071e+02,-2.983752140358450228e-03
6.847599127644164696e+01,6.056046618366041301e+00,-1.733619010642452243e-03,5.768280076886187544e+02,-3.606913584374766679e-03
6.883802277965190797e+01,6.054626465598485829e+00,-1.766996054176175109e-03,5.659322201860994710e+02,-4.240525137792155487e-03
6.919921964149645532e+01,6.052978767718279585e+00,-1.802326687756379336e-03,5.548383690888175579e+02,-4.885083194312054428e-03
6.955950062556364344e+01,6.051100976605369830e+00,-1.839704763159171657e-03,5.435654785623228236e+02,-5.541103526122941568e-03
6.991878449544184093e+01,6.048990544139700276e+00,-1.879231884017900853e-03,5.321323081545132254e+02,-6.209122682827896735e-03
7.027699001471941642e+01,6.046644922201216410e+00,-1.921018007457806539e-03,5.205573274783391753e+02,-6.889699482137872158e-03
7.063403594698473853e+01,6.044061562669863719e+00,-1.965182110027307791e-03,5.088586929921238493e+02,-7.583416601130734541e-03
7.098984105582614745e+01,6.041237917425585913e+00,-2.011852924901570000e-03,4.970542267889314303e+02,-8.290882277710990775e-03
7.134432410483204023e+01,6.038171438348329367e+00,-2.061169758260233097e-03,4.851613973048332014e+02,-9.012732132840288110e-03
7.169740385759075707e+01,6.034859577318038681e+00,-2.113283393797202835e-03,4.731973018550880852e+02,-9.749631125157632444e-03
7.204899907769066658e+01,6.031299786214658454e+00,-2.168357095527159630e-03,4.611786509070754505e+02,-1.050227565078463640e-02
7.239902852872015160e+01,6.027489516918133283e+00,-2.226567720435333395e-03,4.491217539992371144e+02,-1.127139580243241221e-02
7.274741103142605425e+01,6.023426228934513738e+00,-2.273219506115591645e-03,4.399047242510995375e+02,-1.205732718410894647e-02
7.309408478328187186e+01,6.019109967019121932e+00,-2.246500885091652112e-03,4.451367042124277873e+02,-1.284084452279656528e-02
7.343903548046277763e+01,6.014547113219745889e+00,-2.219127560804043820e-03,4.506275428518745230e+02,-1.361114584806510930e-02
7.378225596395463981e+01,6.009745002847183493e+00,-2.191074634584293853e-03,4.563970502035076038e+02,-1.436807965561622685e-02
7.412373907474335510e+01,6.004710971212229076e+00,-2.162316160417316214e-03,4.624670611567759693e+02,-1.511148977281525675e-02
7.446347765381476336e+01,5.999452353625679635e+00,-2.132825094136688113e-03,4.688617002627559032e+02,-1.584121520153470436e-02
7.480146454215477547e+01,5.993976485398331278e+00,-2.102573239805248084e-03,4.756076892201983242e+02,-1.655708995459469896e-02
7.513769258074925972e+01,5.988290701840978336e+00,-2.071531193105647945e-03,4.827347052886015035e+02,-1.725894288549316424e-02
7.547215461058407016e+01,5.982402338264417807e+00,-2.039668281553213159e-03,4.902758007485889493e+02,-1.794659751110133997e-02
7.580484347264510347e+01,5.976318729979445799e+00,-2.006952501330462168e-03,4.982678958954302288e+02,-1.861987182698258969e-02
7.613575200791824216e+01,5.970047212296857531e+00,-1.973350450528430118e-03,5.067523610579240199e+02,-1.927857811497323687e-02
7.646487305738934026e+01,5.963595120527449112e+00,-1.938827258564776532e-03,5.157757069808546930e+02,-1.992252274264403114e-02
7.679219946204428027e+01,5.956969789982015762e+00,-1.903346511532228022e-03,5.253904078637693829e+02,-2.055150595423928250e-02
7.711772406286894466e+01,5.950178555971355365e+00,-1.866870173213228991e-03,5.356558877786424091e+02,-2.116532165266794135e-02
7.744143970084921591e+01,5.943228753806262254e+00,-1.829358501477540812e-03,5.466397095989209447e+02,-2.176375717209635269e-02
7.776333921697096230e+01,5.936127718797532538e+00,-1.790769959758965442e-03,5.584190166639818926e+02,-2.234659304066673874e-02
7.808341545222003788e+01,5.928882786255961435e+00,-1.751061123285014946e-03,5.710822921612160599e+02,-2.291360273283768803e-02
7.840166124758235355e+01,5.921501291492346830e+00,-1.710186579709343721e-03,5.847315210308549922e+02,-2.346455241081360499e-02
7.871806944404377759e+01,5.913990569817483056e+00,-1.668098823770659128e-03,5.994848660941723892e+02,-2.399920065449874171e-02
7.903263288259017827e+01,5.906357956542166221e+00,-1.624748145573664962e-03,6.154800069932812221e+02,-2.451729817937792905e-02
7.934534440420740964e+01,5.898610786977192433e+00,-1.580082512057099211e-03,6.328783417127416442e+02,-2.501858754169059007e-02
7.965619684988138260e+01,5.890756396433357800e+00,-1.534047441180831856e-03,6.518703223612502597e+02,-2.550280283022656955e-02
7.996518306059796544e+01,5.882802120221457542e+00,-1.486585868328233221e-03,6.726822992906343188e+02,-2.596966934403127647e-02
8.027229587734304062e+01,5.874755293652287769e+00,-1.437638004381099847e-03,6.955853955951156422e+02,-2.641890325526506655e-02
8.057752814110246220e+01,5.866623252036644587e+00,-1.387141184882319245e-03,7.209071512679777243e+02,-2.685021125641447182e-02
8.088087269286212688e+01,5.858413330685324105e+00,-1.335029709655692013e-03,7.490470008026285313e+02,-2.726329019100387149e-02
8.118232237360790293e+01,5.850132864909122432e+00,-1.281234672202570101e-03,7.804971420894349876e+02,-2.765782666690294600e-02
8.148187002432565862e+01,5.841789190018833899e+00,-1.225683778140958117e-03,8.158711225800333295e+02,-2.803349665126833243e-02
8.177950848600127642e+01,5.833389641325256392e+00,-1.168301151893920463e-03,8.559436908702099345e+02,-2.838996504609726801e-02
8.207523059962062462e+01,5.824941554139185129e+00,-1.109007130770171563e-03,9.017074572870694738e+02,-2.872688524330571300e-02
8.236902920616959989e+01,5.816452263771415332e+00,-1.047718045510034109e-03,9.544552604448034572e+02,-2.904389865817367730e-02
8.266089714663405630e+01,5.807929105532743108e+00,-9.843459862940329586e-04,1.015902958841639474e+03,-2.934063423992526454e-02
8.295082726199989054e+01,5.799379414733964566e+00,-9.187985531286097223e-04,1.088377856707425735e+03,-2.961670795813105272e-02
8.323881239325295667e+01,5.790810526685875814e+00,-8.509785894330854127e-04,1.175117696752148959e+03,-2.987172226353359064e-02
8.352484538137915138e+01,5.782229776699272961e+00,-7.807838975533982042e-04,1.280764118129894541e+03,-3.010526552180452578e-02
8.380891906736432873e+01,5.773644500084951225e+00,-7.081069348203357372e-04,1.412216080405602497e+03,-3.031691141864172392e-02
8.409102629219438541e+01,5.765062032153706717e+00,-6.328344886522177352e-04,1.580192005858838002e+03,-3.050621833450828380e-02
8.437115989685517548e+01,5.756489708216335544e+00,-5.548473290730252536e-04,1.802297582779544655e+03,-3.067272868719921400e-02
8.464931272233259563e+01,5.747934863583632925e+00,-4.740198368758950830e-04,2.109616354013078308e+03,-3.081596824029829776e-02
8.492547760961251413e+01,5.739404833566395858e+00,-3.902196055072419201e-04,2.562659553458652226e+03,-3.093544537545319870e-02
8.519964739968081346e+01,5.730906953475419563e+00,-3.033070145772697856e-04,3.296989360413365375e+03,-3.103065032625345818e-02
8.547181493352336190e+01,5.722448558621500148e+00,-2.131347727166110707e-04,4.691866968744810038e+03,-3.110105437134000339e-02
8.574197305212602771e+01,5.714036984315433720e+00,-1.195474272946232401e-04,8.364880973435852866e+03,-3.114610898420776264e-02
8.601011459647469337e+01,5.705679565868015501e+00,-2.238083829042878826e-05,4.468107883285373100e+04,-3.116524493698141079e-02
8.627623240755525558e+01,5.697383638590041599e+00,7.853838663898875521e-05,1.273262722592738828e+04,-3.115787135524905604e-02
8.654031932635355417e+01,5.689156537792308121e+00,1.833934991209165374e-04,5.452755985318060084e+03,-3.112337472082700104e-02
8.680236819385548586e+01,5.681005598785611177e+00,2.923782625856924866e-04,3.420226904545997968e+03,-3.106111781910028333e-02
8.706237185104693310e+01,5.672938156880745986e+00,4.056976541982834378e-04,2.464889776047985833e+03,-3.097043862733575917e-02
8.732032313891374997e+01,5.664961547388509544e+00,5.235686204225344998e-04,1.909969316329485309e+03,-3.085064914009695916e-02
8.757621489844183316e+01,5.657083105619696184e+00,6.462208908395869695e-04,1.547458483895149357e+03,-3.070103412759854489e-02
8.783003997061705093e+01,5.649310166885102902e+00,7.738978552856744849e-04,1.292160190353367398e+03,-3.052084982252387460e-02
8.808179119642527155e+01,5.641650066495525806e+00,9.068575098653150696e-04,1.102709068537700432e+03,-3.030932253048653977e-02
8.833146141685239172e+01,5.634110139761760117e+00,1.045373477939086793e-03,9.565959162953523673e+02,-3.006564715894548614e-02
8.857904347288426550e+01,5.626697721994601942e+00,1.189736112786982927e-03,8.405225236523064041e+02,-2.978898565897963521e-02
8.882453020550677536e+01,5.619420148504847390e+00,1.340253689315622394e-03,7.461273995900230602e+02,-2.947846537388887703e-02
8.906791445570580379e+01,5.612284754603291681e+00,1.497253692918135235e-03,6.678894864176345436e+02,-2.913317728811042756e-02
8.930918906446721905e+01,5.605298875600731812e+00,1.661084214418192357e-03,6.020164368067622718e+02,-2.875217416941902235e-02
8.954834687277690364e+01,5.598469846807962114e+00,1.832115460944275199e-03,5.458171285147052458e+02,-2.833446859681258700e-02
8.978538072162072581e+01,5.591805003535780472e+00,2.010741393598266744e-03,4.973289967490437107e+02,-2.787903086586583298e-02
9.002028345198458226e+01,5.585311681094981218e+00,2.197381503916309708e-03,4.550871108261073346e+02,-2.738478676265931194e-02
9.025304790485431283e+01,5.578997214796360460e+00,2.392482742384360178e-03,4.179758467153644119e+02,-2.685061519665346216e-02
9.048366692121582844e+01,5.572868939950715195e+00,2.596521613682092194e-03,3.851306281182514226e+02,-2.627534568207084281e-02
9.071213334205498313e+01,5.566934191868839754e+00,2.810006454905580962e-03,3.558710686426522898e+02,-2.565775565646713843e-02
9.093844000835765939e+01,5.561200305861531135e+00,3.033479914782648886e-03,3.296543995979122315e+02,-2.499656762420544853e-02
9.116257976110973971e+01,5.555674617239585444e+00,3.267521653869066324e-03,3.060423482782131828e+02,-2.429044611148916191e-02
9.138454544129709234e+01,5.550364461313797015e+00,3.512751287926355655e-03,2.846771427960443930e+02,-2.353799441844764417e-02
9.160432988990558556e+01,5.545277173394962844e+00,3.769831599164403385e-03,2.652638383692400339e+02,-2.273775115249386178e-02
9.182192594792113027e+01,5.540420088793879927e+00,4.039472042820017178e-03,2.475571038491170555e+02,-2.188818652577241564e-02
9.203732645632955212e+01,5.535800542821341708e+00,4.322432579677279452e-03,2.313512082760263127e+02,-2.098769839797658132e-02
9.225052425611676199e+01,5.531425870788146071e+00,4.619527868663882153e-03,2.164723383927181715e+02,-2.003460804411786103e-02
9.246151218826862817e+01,5.527303408005087348e+00,4.931631857633668632e-03,2.027726377126266755e+02,-1.902715562496494484e-02
9.267028309377101891e+01,5.523440489782963425e+00,5.259682814930954214e-03,1.901255332662350668e+02,-1.796349533581016039e-02
9.287682981360981671e+01,5.519844451432568633e+00,5.604688849398452646e-03,1.784220367750351102e+02,-1.684169020695126459e-02
9.308114518877090404e+01,5.516522628264699080e+00,5.967733972218806568e-03,1.675677911675073233e+02,-1.565970652676792335e-02
9.328322206024013497e+01,5.513482355590150874e+00,6.349984760465558070e-03,1.574806929027469948e+02,-1.441540785549863535e-02
9.348305326900342038e+01,5.510730968719720124e+00,6.752697689589857652e-03,1.480889632511799334e+02,-1.310654859475662848e-02
9.368063165604660014e+01,5.508275802964202050e+00,7.177227210411392735e-03,1.393295726446259266e+02,-1.173076707442566834e-02
9.387595006235557094e+01,5.506124193634392761e+00,7.625034655660831336e-03,1.311469449201256054e+02,-1.028557811480867307e-02
9.406900132891621524e+01,5.504283476041089251e+00,8.097698071904113268e-03,1.234918851160447701e+02,-8.768365017724179949e-03
9.425977829671438712e+01,5.502760985495085855e+00,8.596923084962361170e-03,1.163206870780533677e+02,-7.176370935601830876e-03
9.444827380673598327e+01,5.501564057307179567e+00,9.124554920950125186e-03,1.095943866482718931e+02,-5.506689562469481089e-03
9.463448069996685774e+01,5.500700026788166497e+00,9.682591721053041001e-03,1.032781334594209142e+02,-3.756255084980111934e-03
9.481839181739289302e+01,5.500176229248840976e+00,1.027319930645948648e-02,9.734065992190274130e+01,-1.921831325231588986e-03
9.500000000000000000e+01,5.500000000000000000e+00,1.089872757080541724e-02,9.175383029838407367e+01,2.465882481171855741e-17
